{
  "threshold": 0.3999999999999999,
  "val_step_acc": 0.48484848484848486,
  "val_f1": 0.6160298229263746,
  "epoch": 20
}